common name,genus,species,code,num
American Black Duck,Anas,rubripes,ABDU,1
Asian Brown Flycatcher,Muscicapa,dauurica,ABFL,5
Abert's Towhee,Melozone,aberti,ABTO,1
Acadian Flycatcher,Empidonax,virescens,ACFL,1
Acorn Woodpecker,Melanerpes,formicivorus,ACWO,1
African Silverbill,Euodice,cantans,AFSI,2
Akekee,Loxops,caeruleirostris,AKEK,3
Akiapolaau,Hemignathus,wilsoni,AKIA,3
Akikiki,Oreomystis,bairdi,AKIK,3
Akohekohe,Palmeria,dolei,AKOH,3
Alder Flycatcher,Empidonax,alnorum,ALFL,1
Allen's Hummingbird,Selasphorus,sasin,ALHU,1
Altamira Oriole,Icterus,gularis,ALOR,2
Aleutian Tern,Onychoprion,aleuticus,ALTE,2
Amaui,Myadestes,woahensis,AMAU,6
American Avocet,Recurvirostra,americana,AMAV,1
American Bittern,Botaurus,lentiginosus,AMBI,1
American Coot,Fulica,americana,AMCO,1
American Crow,Corvus,brachyrhynchos,AMCR,1
American Dipper,Cinclus,mexicanus,AMDI,1
American Flamingo,Phoenicopterus,ruber,AMFL,3
American Goldfinch,Spinus,tristis,AMGO,1
American Golden-Plover,Pluvialis,dominica,AMGP,1
American Kestrel,Falco,sparverius,AMKE,1
Amazon Kingfisher,Chloroceryle,amazona,AMKI,5
American Oystercatcher,Haematopus,palliatus,AMOY,1
American Pipit,Anthus,rubescens,AMPI,1
American Redstart,Setophaga,ruticilla,AMRE,1
American Robin,Turdus,migratorius,AMRO,1
American Wigeon,Mareca,americana,AMWI,1
American Woodcock,Scolopax,minor,AMWO,1
Anhinga,Anhinga,anhinga,ANHI,1
Anna's Hummingbird,Calypte,anna,ANHU,1
Anianiau,Magumma,parva,ANIA,2
Ancient Murrelet,Synthliboramphus,antiquus,ANMU,2
Antillean Nighthawk,Chordeiles,gundlachii,ANNI,2
Antillean Palm-Swift,Tachornis,phoenicobia,ANPS,5
Apapane,Himatione,sanguinea,APAP,2
Aplomado Falcon,Falco,femoralis,APFA,3
Arctic Loon,Gavia,arctica,ARLO,2
Arctic Tern,Sterna,paradisaea,ARTE,1
Arctic Warbler,Phylloscopus,borealis,ARWA,2
Arizona Woodpecker,Picoides,arizonae,ARWO,2
Asian Rosy-Finch,Leucosticte,arctoa,ASRF,5
Ashy Storm-Petrel,Oceanodroma,homochroa,ASSP,2
Ash-throated Flycatcher,Myiarchus,cinerascens,ATFL,1
Amethyst-throated Hummingbird,Lampornis,amethystinus,ATHU,5
Atlantic Puffin,Fratercula,arctica,ATPU,1
American Tree Sparrow,Spizelloides,arborea,ATSP,1
American Three-toed Woodpecker,Picoides,dorsalis,ATTW,2
Audubon's Oriole,Icterus,graduacauda,AUOR,2
Audubon's Shearwater,Puffinus,lherminieri,AUSH,1
American White Pelican,Pelecanus,erythrorhynchos,AWPE,1
Aztec Thrush,Ridgwayia,pinicola,AZTH,4
Bachman's Sparrow,Peucaea,aestivalis,BACS,2
Barred Owl,Strix,varia,BADO,1
Bald Eagle,Haliaeetus,leucocephalus,BAEA,1
Barrow's Goldeneye,Bucephala,islandica,BAGO,1
Bahama Swallow,Tachycineta,cyaneoviridis,BAHS,4
Baird's Sparrow,Ammodramus,bairdii,BAIS,2
Bahama Mockingbird,Mimus,gundlachii,BAMO,4
Bananaquit,Coereba,flaveola,BANA,4
Barn Owl,Tyto,alba,BANO,1
Bank Swallow,Riparia,riparia,BANS,1
Baltimore Oriole,Icterus,galbula,BAOR,1
Barnacle Goose,Branta,leucopsis,BARG,4
Barn Swallow,Hirundo,rustica,BARS,1
Baird's Sandpiper,Calidris,bairdii,BASA,1
Barolo Shearwater,Puffinus,baroli,BASH,5
Baikal Teal,Sibirionetta,formosa,BATE,4
Bachman's Warbler,Vermivora,bachmanii,BAWA,6
Bahama Woodstar,Calliphlox,evelynae,BAWO,5
Black-and-white Warbler,Mniotilta,varia,BAWW,1
Black-browed Albatross,Thalassarche,melanophris,BBAL,5
Black-billed Cuckoo,Coccyzus,erythropthalmus,BBCU,1
Buff-bellied Hummingbird,Amazilia,yucatanensis,BBEH,2
Buff-breasted Flycatcher,Empidonax,fulvifrons,BBFL,2
Broad-billed Hummingbird,Cynanthus,latirostris,BBIH,2
Broad-billed Sandpiper,Calidris,falcinellus,BBIS,4
Black-billed Magpie,Pica,hudsonia,BBMA,1
Black-bellied Plover,Pluvialis,squatarola,BBPL,1
Buff-breasted Sandpiper,Calidris,subruficollis,BBSA,1
Brown-backed Solitaire,Myadestes,occidentalis,BBSO,5
Black-bellied Storm-Petrel,Fregetta,tropica,BBSP,5
Bay-breasted Warbler,Setophaga,castanea,BBWA,1
Black-bellied Whistling-Duck,Dendrocygna,autumnalis,BBWD,1
Black-backed Woodpecker,Picoides,arcticus,BBWO,2
Black-capped Chickadee,Poecile,atricapillus,BCCH,1
Brown-crested Flycatcher,Myiarchus,tyrannulus,BCFL,1
Black-capped Gnatcatcher,Polioptila,nigriceps,BCGN,3
Black-chinned Hummingbird,Archilochus,alexandri,BCHU,1
Brown-chested Martin,Progne,tapera,BCMA,5
Black-crowned Night-Heron,Nycticorax,nycticorax,BCNH,1
Buff-collared Nightjar,Antrostomus,ridgwayi,BCNI,3
Black-capped Petrel,Pterodroma,hasitata,BCPE,2
Brown-capped Rosy-Finch,Leucosticte,australis,BCRF,2
Black-chinned Sparrow,Spizella,atrogularis,BCSP,1
Black-crested Titmouse,Baeolophus,atricristatus,BCTI,2
Black-capped Vireo,Vireo,atricapilla,BCVI,2
Belcher's Gull,Larus,belcheri,BEGU,5
Berylline Hummingbird,Amazilia,beryllina,BEHU,3
Belted Kingfisher,Megaceryle,alcyon,BEKI,1
Bermuda Petrel,Pterodroma,cahow,BEPE,3
Bell's Sparrow,Artemisiospiza,belli,BESP,1
Bendire's Thrasher,Toxostoma,bendirei,BETH,2
Bell's Vireo,Vireo,bellii,BEVI,1
Bewick's Wren,Thryomanes,bewickii,BEWR,1
Black-footed Albatross,Phoebastria,nigripes,BFAL,1
Blue-footed Booby,Sula,nebouxii,BFBO,4
Black-faced Grassquit,Tiaris,bicolor,BFGR,4
Blue-gray Gnatcatcher,Polioptila,caerulea,BGGN,1
Blue-gray Noddy,Anous,ceruleus,BGNO,3
Brown-headed Cowbird,Molothrus,ater,BHCO,1
Black-headed Grosbeak,Pheucticus,melanocephalus,BHGR,1
Black-headed Gull,Chroicocephalus,ridibundus,BHGU,3
Black-headed Nightingale-Thrush,Catharus,mexicanus,BHNT,5
Brown-headed Nuthatch,Sitta,pusilla,BHNU,1
Blue-headed Vireo,Vireo,solitarius,BHVI,1
Bishop's Oo,Moho,bishopi,BIOO,6
Bicknell's Thrush,Catharus,bicknelli,BITH,2
Black Kite,Milvus,migrans,BLAK,5
Blue Bunting,Cyanocompsa,parellina,BLBU,4
Blackburnian Warbler,Setophaga,fusca,BLBW,1
Black Francolin,Francolinus,francolinus,BLFR,2
Blue Grosbeak,Passerina,caerulea,BLGR,1
Black Guillemot,Cepphus,grylle,BLGU,1
Blue Jay,Cyanocitta,cristata,BLJA,1
Black-legged Kittiwake,Rissa,tridactyla,BLKI,1
Black Mamo,Drepanis,funerea,BLMA,6
Blue Mockingbird,Melanotis,caerulescens,BLMO,5
Black Noddy,Anous,minutus,BLNO,2
Black Oystercatcher,Haematopus,bachmani,BLOY,1
Black Phoebe,Sayornis,nigricans,BLPH,1
Blackpoll Warbler,Setophaga,striata,BLPW,1
Black Rail,Laterallus,jamaicensis,BLRA,2
Black Rosy-Finch,Leucosticte,atrata,BLRF,2
Black Scoter,Melanitta,americana,BLSC,1
Black Skimmer,Rynchops,niger,BLSK,1
Black Storm-Petrel,Oceanodroma,melania,BLSP,2
Black Swift,Cypseloides,niger,BLSW,2
Black Tern,Chlidonias,niger,BLTE,1
Black-tailed Godwit,Limosa,limosa,BLTG,3
Black Turnstone,Arenaria,melanocephala,BLTU,1
Bluethroat,Luscinia,svecica,BLUE,2
Black Vulture,Coragyps,atratus,BLVU,1
Black-necked Stilt,Himantopus,mexicanus,BNST,1
Bobolink,Dolichonyx,oryzivorus,BOBO,1
Boreal Chickadee,Poecile,hudsonicus,BOCH,1
Bonaparte's Gull,Chroicocephalus,philadelphia,BOGU,1
Boreal Owl,Aegolius,funereus,BOOW,2
Bonin Petrel,Pterodroma,hypoleuca,BOPE,3
Botteri's Sparrow,Peucaea,botterii,BOSP,2
Bohemian Waxwing,Bombycilla,garrulus,BOWA,2
Brandt's Cormorant,Phalacrocorax,penicillatus,BRAC,1
Brambling,Fringilla,montifringilla,BRAM,3
Brant,Branta,bernicla,BRAN,1
Brewer's Blackbird,Euphagus,cyanocephalus,BRBL,1
Brown Booby,Sula,leucogaster,BRBO,2
Brown Creeper,Certhia,americana,BRCR,1
Blyth's Reed Warbler,Acrocephalus,dumetorum,BREW,5
Brown Jay,Psilorhinus,morio,BRJA,4
Brown Noddy,Anous,stolidus,BRNO,2
Bronzed Cowbird,Molothrus,aeneus,BROC,1
Brown Shrike,Lanius,cristatus,BROS,4
Brown Pelican,Pelecanus,occidentalis,BRPE,1
Brewer's Sparrow,Spizella,breweri,BRSP,1
Bridled Tern,Onychoprion,anaethetus,BRTE,2
Brown Thrasher,Toxostoma,rufum,BRTH,1
Bridled Titmouse,Baeolophus,wollweberi,BRTI,2
Bryan's Shearwater,Puffinus,bryani,BRYS,5
Band-rumped Storm-Petrel,Oceanodroma,castro,BSTP,2
Broad-tailed Hummingbird,Selasphorus,platycercus,BTAH,1
Black-throated Blue Warbler,Setophaga,caerulescens,BTBW,1
Bristle-thighed Curlew,Numenius,tahitiensis,BTCU,3
Black-tailed Gnatcatcher,Polioptila,melanura,BTGN,1
Bar-tailed Godwit,Limosa,lapponica,BTGO,2
Boat-tailed Grackle,Quiscalus,major,BTGR,1
Black-tailed Gull,Larus,crassirostris,BTGU,4
Blue-throated Hummingbird,Lampornis,clemenciae,BTHH,2
Black-throated Green Warbler,Setophaga,virens,BTNW,1
Band-tailed Pigeon,Patagioenas,fasciata,BTPI,1
Black-throated Sparrow,Amphispiza,bilineata,BTSP,1
Bare-throated Tiger-Heron,Tigrisoma,mexicanum,BTTH,5
Black-throated Gray Warbler,Setophaga,nigrescens,BTYW,1
Bufflehead,Bucephala,albeola,BUFF,1
Bumblebee Hummingbird,Atthis,heloisa,BUHU,5
Buller's Shearwater,Ardenna,bulleri,BULS,2
Bullock's Oriole,Icterus,bullockii,BUOR,1
Burrowing Owl,Athene,cunicularia,BUOW,1
Bulwer's Petrel,Bulweria,bulwerii,BUPE,3
Bushtit,Psaltriparus,minimus,BUSH,1
Black-vented Oriole,Icterus,wagleri,BVOR,5
Black-vented Shearwater,Puffinus,opisthomelas,BVSH,2
Broad-winged Hawk,Buteo,platypterus,BWHA,1
Black-winged Petrel,Pterodroma,nigripennis,BWPE,3
Black-winged Stilt,Himantopus,himantopus,BWST,5
Blue-winged Teal,Spatula,discors,BWTE,1
Black-whiskered Vireo,Vireo,altiloquus,BWVI,2
Blue-winged Warbler,Vermivora,cyanoptera,BWWA,1
Cassin's Auklet,Ptychoramphus,aleuticus,CAAU,1
Cackling Goose,Branta,hutchinsii,CACG,1
Carolina Chickadee,Poecile,carolinensis,CACH,1
California Condor,Gymnogyps,californianus,CACO,2
Cassia Crossbill,Loxia,sinesciuris,CACR,2
Cactus Wren,Campylorhynchus,brunneicapillus,CACW,1
Cattle Egret,Bubulcus,ibis,CAEG,1
Cassin's Finch,Haemorhous,cassinii,CAFI,1
California Gnatcatcher,Polioptila,californica,CAGN,2
California Gull,Larus,californicus,CAGU,1
Calliope Hummingbird,Selasphorus,calliope,CAHU,1
Cassin's Kingbird,Tyrannus,vociferans,CAKI,1
California Towhee,Melozone,crissalis,CALT,1
Canada Goose,Branta,canadensis,CANG,1
Canyon Towhee,Melozone,fusca,CANT,1
Canvasback,Aythya,valisineria,CANV,1
Canyon Wren,Catherpes,mexicanus,CANW,1
Carolina Parakeet,Conuropsis,carolinensis,CAPA,6
California Quail,Callipepla,californica,CAQU,1
Carolina Wren,Thryothorus,ludovicianus,CARW,1
California Scrub-Jay,Aphelocoma,californica,CASJ,1
Cassin's Sparrow,Peucaea,cassinii,CASP,1
Cave Swallow,Petrochelidon,fulva,CASW,1
Caspian Tern,Hydroprogne,caspia,CATE,1
California Thrasher,Toxostoma,redivivum,CATH,2
Cassin's Vireo,Vireo,cassinii,CAVI,1
Canada Warbler,Cardellina,canadensis,CAWA,1
Chestnut-backed Chickadee,Poecile,rufescens,CBCH,1
Chestnut-bellied Sandgrouse,Pterocles,exustus,CBSA,3
Curve-billed Thrasher,Toxostoma,curvirostre,CBTH,1
Crimson-collared Grosbeak,Rhodothraupis,celaeno,CCGR,4
Common Chaffinch,Fringilla,coelebs,CCHA,4
Common Chiffchaff,Phylloscopus,collybita,CCHI,5
Chestnut-collared Longspur,Calcarius,ornatus,CCLO,1
Common Crane,Grus,grus,CCRA,4
Clay-colored Sparrow,Spizella,pallida,CCSP,1
Clay-colored Thrush,Turdus,grayi,CCTH,3
Crescent-chested Warbler,Oreothlypis,superciliosa,CCWA,4
Cedar Waxwing,Bombycilla,cedrorum,CEDW,1
Cerulean Warbler,Setophaga,cerulea,CERW,2
Chatham Albatross,Thalassarche,eremita,CHAL,5
Chinese Egret,Egretta,eulophotes,CHEG,5
Chinese Sparrowhawk,Accipiter,soloensis,CHIS,5
Chestnut Munia,Lonchura,atricapilla,CHMU,2
Chinese Pond-Heron,Ardeola,bacchus,CHPH,5
Chihuahuan Raven,Corvus,cryptoleucus,CHRA,1
Christmas Shearwater,Puffinus,nativitatis,CHSH,3
Chipping Sparrow,Spizella,passerina,CHSP,1
Chimney Swift,Chaetura,pelagica,CHSW,1
Chukar,Alectoris,chukar,CHUK,2
Cinnamon Hummingbird,Amazilia,rutila,CIHU,5
Cinnamon Teal,Spatula,cyanoptera,CITE,1
Citrine Wagtail,Motacilla,citreola,CIWA,5
Clark's Grebe,Aechmophorus,clarkii,CLGR,1
Clark's Nutcracker,Nucifraga,columbiana,CLNU,1
Clapper Rail,Rallus,crepitans,CLRA,1
Cliff Swallow,Petrochelidon,pyrrhonota,CLSW,1
Cape May Warbler,Setophaga,tigrina,CMWA,1
Common Black Hawk,Buteogallus,anthracinus,COBH,2
Common Cuckoo,Cuculus,canorus,COCU,3
Common Eider,Somateria,mollissima,COEI,1
Collared Forest-Falcon,Micrastur,semitorquatus,COFF,5
Cordilleran Flycatcher,Empidonax,occidentalis,COFL,1
Common Gallinule,Gallinula,galeata,COGA,1
Common Ground-Dove,Columbina,passerina,COGD,1
Common Goldeneye,Bucephala,clangula,COGO,1
Common Grackle,Quiscalus,quiscula,COGR,1
Cooper's Hawk,Accipiter,cooperii,COHA,1
Common House-Martin,Delichon,urbicum,COHM,4
Costa's Hummingbird,Calypte,costae,COHU,1
Couch's Kingbird,Tyrannus,couchii,COKI,2
Common Loon,Gavia,immer,COLO,1
Colima Warbler,Oreothlypis,crissalis,COLW,3
Common Merganser,Mergus,merganser,COME,1
Common Greenshank,Tringa,nebularia,COMG,3
Common Moorhen,Gallinula,chloropus,COMO,5
Common Pochard,Aythya,ferina,COMP,3
Common Shelduck,Tadorna,tadorna,COMS,4
Common Murre,Uria,aalge,COMU,1
Common Waxbill,Estrilda,astrild,COMW,2
Common Myna,Acridotheres,tristis,COMY,2
Common Nighthawk,Chordeiles,minor,CONI,1
Connecticut Warbler,Oporornis,agilis,CONW,2
Common Pauraque,Nyctidromus,albicollis,COPA,2
Cook's Petrel,Pterodroma,cookii,COPE,3
Collared Plover,Charadrius,collaris,COPL,5
Common Poorwill,Phalaenoptilus,nuttallii,COPO,1
Common Raven,Corvus,corax,CORA,1
Corn Crake,Crex,crex,CORC,4
Common Redpoll,Acanthis,flammea,CORE,1
Common Rosefinch,Carpodacus,erythrinus,CORO,4
Common Sandpiper,Actitis,hypoleucos,COSA,3
Common Scoter,Melanitta,nigra,COSC,5
Cory's Shearwater,Calonectris,diomedea,COSH,1
Common Snipe,Gallinago,gallinago,COSN,3
Common Swift,Apus,apus,COSW,5
Common Tern,Sterna,hirundo,COTE,1
Common Yellowthroat,Geothlypis,trichas,COYE,1
Crested Auklet,Aethia,cristatella,CRAU,2
Crested Caracara,Caracara,cheriway,CRCA,2
Common Redshank,Tringa,totanus,CREH,5
Common Redstart,Phoenicurus,phoenicurus,CRET,5
Crane Hawk,Geranospiza,caerulescens,CRHA,5
Craveri's Murrelet,Synthliboramphus,craveri,CRMU,3
Common Ringed Plover,Charadrius,hiaticula,CRPL,3
Crissal Thrasher,Toxostoma,crissale,CRTH,2
Crowned Slaty Flycatcher,Empidonomus,aurantioatrocristatus,CSFL,5
Chestnut-sided Warbler,Setophaga,pensylvanica,CSWA,1
Cuban Martin,Progne,cryptoleuca,CUMA,5
Cuban Pewee,Contopus,caribaeus,CUPE,5
Curlew Sandpiper,Calidris,ferruginea,CUSA,3
Cuban Vireo,Vireo,gundlachii,CUVI,5
Cape Verde Shearwater,Calonectris,edwardsii,CVSH,5
Chuck-will's-widow,Antrostomus,carolinensis,CWWI,1
Double-crested Cormorant,Phalacrocorax,auritus,DCCO,1
Dusky-capped Flycatcher,Myiarchus,tuberculifer,DCFL,2
Dark-eyed Junco,Junco,hyemalis,DEJU,1
Dickcissel,Spiza,americana,DICK,1
Dovekie,Alle,alle,DOVE,2
Downy Woodpecker,Picoides,pubescens,DOWO,1
Dark-sided Flycatcher,Muscicapa,sibirica,DSFL,4
Double-striped Thick-knee,Burhinus,bistriatus,DSTK,5
Double-toothed Kite,Harpagus,bidentatus,DTKI,5
Dusky Flycatcher,Empidonax,oberholseri,DUFL,1
Dusky Grouse,Dendragapus,obscurus,DUGR,2
Dunlin,Calidris,alpina,DUNL,1
Dusky Thrush,Turdus,naumanni,DUTH,4
Dusky Warbler,Phylloscopus,fuscatus,DUWA,4
Eastern Bluebird,Sialia,sialis,EABL,1
Eared Grebe,Podiceps,nigricollis,EAGR,1
Eastern Kingbird,Tyrannus,tyrannus,EAKI,1
Eastern Meadowlark,Sturnella,magna,EAME,1
Eastern Phoebe,Sayornis,phoebe,EAPH,1
Eared Quetzal,Euptilotis,neoxenus,EAQU,4
Eastern Screech-Owl,Megascops,asio,EASO,1
Eastern Towhee,Pipilo,erythrophthalmus,EATO,1
Eastern Wood-Pewee,Contopus,virens,EAWP,1
Egyptian Goose,Alopochen,aegyptiaca,EGGO,2
Eurasian Hobby,Falco,subbuteo,EHOB,4
Eurasian Hoopoe,Upupa,epops,EHOO,5
Elf Owl,Micrathene,whitneyi,ELOW,2
Elegant Tern,Thalasseus,elegans,ELTE,1
Elegant Trogon,Trogon,elegans,ELTR,2
Emperor Goose,Anser,canagicus,EMGO,2
Erckel's Francolin,Francolinus,erckelii,ERFR,2
Eastern Spot-billed Duck,Anas,zonorhyncha,ESBD,4
Eskimo Curlew,Numenius,borealis,ESCU,6
Eurasian Tree Sparrow,Passer,montanus,ETSP,2
Eurasian Blackbird,Turdus,merula,EUBB,5
Eurasian Bullfinch,Pyrrhula,pyrrhula,EUBU,4
Eurasian Collared-Dove,Streptopelia,decaocto,EUCD,1
Eurasian Coot,Fulica,atra,EUCO,5
Eurasian Curlew,Numenius,arquata,EUCU,4
Eurasian Dotterel,Charadrius,morinellus,EUDO,4
European Golden-Plover,Pluvialis,apricaria,EUGP,4
Eurasian Jackdaw,Corvus,monedula,EUJA,4
Eurasian Kestrel,Falco,tinnunculus,EUKE,4
Eurasian Oystercatcher,Haematopus,ostralegus,EUOY,5
Eurasian Siskin,Spinus,spinus,EUSI,5
Eurasian Skylark,Alauda,arvensis,EUSK,2
European Storm-Petrel,Hydrobates,pelagicus,EUSP,4
European Starling,Sturnus,vulgaris,EUST,1
European Turtle-Dove,Streptopelia,turtur,EUTD,5
Eurasian Wigeon,Mareca,penelope,EUWI,2
Eurasian Woodcock,Scolopax,rusticola,EUWO,5
Eurasian Wryneck,Jynx,torquilla,EUWR,5
Evening Grosbeak,Coccothraustes,vespertinus,EVGR,1
Eastern Whip-poor-will,Antrostomus,vociferus,EWPW,1
Eyebrowed Thrush,Turdus,obscurus,EYTH,3
Eastern Yellow Wagtail,Motacilla,tschutschensis,EYWA,2
Falcated Duck,Mareca,falcata,FADU,4
Flame-colored Tanager,Piranga,bidentata,FCTA,3
Far Eastern Curlew,Numenius,madagascariensis,FECU,4
Ferruginous Hawk,Buteo,regalis,FEHA,1
Fea's Petrel,Pterodroma,feae,FEPE,3
Ferruginous Pygmy-Owl,Glaucidium,brasilianum,FEPO,3
Flesh-footed Shearwater,Ardenna,carneipes,FFSH,3
Fish Crow,Corvus,ossifragus,FICR,1
Fieldfare,Turdus,pilaris,FIEL,4
Field Sparrow,Spizella,pusilla,FISP,1
Flammulated Owl,Psiloscops,flammeolus,FLOW,2
Florida Scrub-Jay,Aphelocoma,coerulescens,FLSJ,2
Fox Sparrow,Passerella,iliaca,FOSP,1
Forster's Tern,Sterna,forsteri,FOTE,1
Franklin's Gull,Leucophaeus,pipixcan,FRGU,1
Five-striped Sparrow,Amphispiza,quinquestriata,FSSP,3
Fork-tailed Flycatcher,Tyrannus,savana,FTFL,3
Fork-tailed Storm-Petrel,Oceanodroma,furcata,FTSP,2
Fork-tailed Swift,Apus,pacificus,FTSW,4
Fan-tailed Warbler,Basileuterus,lachrymosus,FTWA,4
Fulvous Whistling-Duck,Dendrocygna,bicolor,FUWD,1
Gadwall,Mareca,strepera,GADW,1
Gambel's Quail,Callipepla,gambelii,GAQU,1
Garganey,Spatula,querquedula,GARG,4
Groove-billed Ani,Crotophaga,sulcirostris,GBAN,2
Gray-backed Tern,Onychoprion,lunatus,GBAT,2
Great Black-backed Gull,Larus,marinus,GBBG,1
Great Blue Heron,Ardea,herodias,GBHE,1
Gull-billed Tern,Gelochelidon,nilotica,GBTE,1
Gray-collared Becard,Pachyramphus,major,GCBE,5
Great Crested Flycatcher,Myiarchus,crinitus,GCFL,1
Golden-crowned Kinglet,Regulus,satrapa,GCKI,1
Gray-crowned Rosy-Finch,Leucosticte,tephrocotis,GCRF,1
Golden-crowned Warbler,Basileuterus,culicivorus,GCRW,4
Golden-crowned Sparrow,Zonotrichia,atricapilla,GCSP,1
Great Crested Tern,Thalasseus,bergii,GCTE,5
Gray-cheeked Thrush,Catharus,minimus,GCTH,1
Golden-cheeked Warbler,Setophaga,chrysoparia,GCWA,2
Gray-crowned Yellowthroat,Geothlypis,poliocephala,GCYE,4
Golden-fronted Woodpecker,Melanerpes,aurifrons,GFWO,1
Great Gray Owl,Strix,nebulosa,GGOW,2
Gray-headed Chickadee,Poecile,cinctus,GHCH,3
Gray-hooded Gull,Chroicocephalus,cirrocephalus,GHGU,5
Great Horned Owl,Bubo,virginianus,GHOW,1
Gilded Flicker,Colaptes,chrysoides,GIFL,2
Gila Woodpecker,Melanerpes,uropygialis,GIWO,1
Green Kingfisher,Chloroceryle,americana,GKIN,2
Great Kiskadee,Pitangus,sulphuratus,GKIS,2
Glaucous Gull,Larus,hyperboreus,GLGU,1
Glossy Ibis,Plegadis,falcinellus,GLIB,1
Green-breasted Mango,Anthracothorax,prevostii,GNBM,4
Greater Necklaced Laughingthrush,Garrulax,pectoralis,GNLA,3
Golden Eagle,Aquila,chrysaetos,GOEA,1
Gray Francolin,Francolinus,pondicerianus,GRAF,2
Gray Heron,Ardea,cinerea,GRAH,5
Gray Jay,Perisoreus,canadensis,GRAJ,1
Gray Kingbird,Tyrannus,dominicensis,GRAK,2
Greater Amakihi,Viridonia,sagittirostris,GRAM,6
Gray Partridge,Perdix,perdix,GRAP,2
Great Auk,Pinguinus,impennis,GRAU,6
Gray Wagtail,Motacilla,cinerea,GRAW,4
Gray Bunting,Emberiza,variabilis,GRBU,5
Gray Catbird,Dumetella,carolinensis,GRCA,1
Great Cormorant,Phalacrocorax,carbo,GRCO,1
Great Frigatebird,Fregata,minor,GREF,3
Great Egret,Ardea,alba,GREG,1
Green Jay,Cyanocorax,yncas,GREJ,2
Greenish Elaenia,Myiopagis,viridicata,GREL,5
Green Parakeet,Psittacara,holochlorus,GREP,2
Gray Flycatcher,Empidonax,wrightii,GRFL,1
Graylag Goose,Anser,anser,GRGO,5
Gray Hawk,Buteo,plagiatus,GRHA,2
Green Heron,Butorides,virescens,GRHE,1
Greater Koa-Finch,Rhodacanthis,palmeri,GRKF,6
Great Knot,Calidris,tenuirostris,GRKN,4
Gray Nightjar,Caprimulgus,indicus,GRNI,5
Greater Prairie-Chicken,Tympanuchus,cupido,GRPC,2
Greater Pewee,Contopus,pertinax,GRPE,2
Greater Roadrunner,Geococcyx,californianus,GRRO,1
Green Sandpiper,Tringa,ochropus,GRSA,4
Greater Scaup,Aythya,marila,GRSC,1
Gray Silky-flycatcher,Ptiliogonys,cinereus,GRSF,5
Greater Sage-Grouse,Centrocercus,urophasianus,GRSG,1
Great Shearwater,Ardenna,gravis,GRSH,1
Great Skua,Stercorarius,skua,GRSK,3
Grasshopper Sparrow,Ammodramus,savannarum,GRSP,1
Gray Vireo,Vireo,vicinior,GRVI,2
Grace's Warbler,Setophaga,graciae,GRWA,1
Greater Yellowlegs,Tringa,melanoleuca,GRYE,1
Greater Sand-Plover,Charadrius,leschenaultii,GSAP,5
Gray-streaked Flycatcher,Muscicapa,griseisticta,GSFL,4
Great Spotted Woodpecker,Dendrocopos,major,GSWO,4
Great-tailed Grackle,Quiscalus,mexicanus,GTGR,1
Gray-tailed Tattler,Tringa,brevipes,GTTA,3
Green-tailed Towhee,Pipilo,chlorurus,GTTO,1
Guadalupe Murrelet,Synthliboramphus,hypoleucus,GUMU,3
Gunnison Sage-Grouse,Centrocercus,minimus,GUSG,2
Greater White-fronted Goose,Anser,albifrons,GWFG,1
Glaucous-winged Gull,Larus,glaucescens,GWGU,1
Great-winged Petrel,Pterodroma,macroptera,GWPE,5
Green-winged Teal,Anas,crecca,GWTE,1
Golden-winged Warbler,Vermivora,chrysoptera,GWWA,2
Gray-breasted Martin,Progne,chalybea,GYBM,5
Gyrfalcon,Falco,rusticolus,GYRF,2
Hawaii Akepa,Loxops,coccineus,HAAK,3
Hawaii Amakihi,Chlorodrepanis,virens,HAAM,2
Hawaiian Coot,Fulica,alai,HACO,2
Harlequin Duck,Histrionicus,histrionicus,HADU,1
Hawaii Elepaio,Chasiempis,sandwichensis,HAEL,2
Hammond's Flycatcher,Empidonax,hammondii,HAFL,1
Hawaiian Goose,Branta,sandvicensis,HAGO,2
Hawaii Mamo,Drepanis,pacifica,HAMA,6
Hawaii Oo,Moho,nobilis,HAOO,6
Hawaiian Petrel,Pterodroma,sandwichensis,HAPE,3
Hawaiian Rail,Zapornia,sandwichensis,HARA,6
Harris's Hawk,Parabuteo,unicinctus,HASH,1
Harris's Sparrow,Zonotrichia,querula,HASP,1
Hawaiian Duck,Anas,wyvilliana,HAWD,2
Hawfinch,Coccothraustes,coccothraustes,HAWF,4
Hawaiian Hawk,Buteo,solitarius,HAWH,2
Hairy Woodpecker,Picoides,villosus,HAWO,1
Hook-billed Kite,Chondrohierax,uncinatus,HBKI,3
Hawaii Creeper,Loxops,mana,HCRE,3
Hawaiian Crow,Corvus,hawaiiensis,HCRO,6
Heermann's Gull,Larus,heermanni,HEEG,1
Herald Petrel,Pterodroma,heraldica,HEPE,4
Herring Gull,Larus,argentatus,HERG,1
Henslow's Sparrow,Ammodramus,henslowii,HESP,2
Hepatic Tanager,Piranga,flava,HETA,2
Hermit Thrush,Catharus,guttatus,HETH,1
Hermit Warbler,Setophaga,occidentalis,HEWA,1
Himalayan Snowcock,Tetraogallus,himalayensis,HISN,3
House Finch,Haemorhous,mexicanus,HOFI,1
Horned Grebe,Podiceps,auritus,HOGR,1
Horned Lark,Eremophila,alpestris,HOLA,1
Hooded Merganser,Lophodytes,cucullatus,HOME,1
Hooded Oriole,Icterus,cucullatus,HOOR,1
Horned Puffin,Fratercula,corniculata,HOPU,1
Hoary Redpoll,Acanthis,hornemanni,HORE,2
House Sparrow,Passer,domesticus,HOSP,1
Hooded Warbler,Setophaga,citrina,HOWA,1
House Wren,Troglodytes,aedon,HOWR,1
Hudsonian Godwit,Limosa,haemastica,HUGO,1
Hutton's Vireo,Vireo,huttoni,HUVI,1
Hwamei,Garrulax,canorus,HWAM,2
Ivory-billed Woodpecker,Campephilus,principalis,IBWO,6
Iceland Gull,Larus,glaucoides,ICGU,1
Iiwi,Drepanis,coccinea,IIWI,2
Indigo Bunting,Passerina,cyanea,INBU,1
Inca Dove,Columbina,inca,INDO,1
Intermediate Egret,Ardea,intermedia,INEG,5
Island Canary,Serinus,canaria,ISCA,3
Island Scrub-Jay,Aphelocoma,insularis,ISSJ,2
Ivory Gull,Pagophila,eburnea,IVGU,3
Jabiru,Jabiru,mycteria,JABI,4
Japanese Bush-Warbler,Cettia,diphone,JABW,2
Jack Snipe,Lymnocryptes,minimus,JASN,4
Java Sparrow,Lonchura,oryzivora,JASP,2
Japanese White-eye,Zosterops,japonicus,JAWE,2
Juan Fernandez Petrel,Pterodroma,externa,JFPE,3
Jouanin's Petrel,Bulweria,fallax,JOPE,5
Juniper Titmouse,Baeolophus,ridgwayi,JUTI,1
Kauai Akialoa,Akialoa,stejnegeri,KAAK,6
Kauai Amakihi,Chlorodrepanis,stejnegeri,KAAM,2
Kauai Elepaio,Chasiempis,sclateri,KAEL,2
Kakawahie,Paroreomyza,flammea,KAKA,6
Kamao,Myadestes,myadestinus,KAMA,6
Kauai Nukupuu,Hemignathus,hanapepe,KANU,6
Kauai Oo,Moho,braccatus,KAOO,6
Kalij Pheasant,Lophura,leucomelanos,KAPH,2
Kelp Gull,Larus,dominicanus,KEGU,4
Kermadec Petrel,Pterodroma,neglecta,KEPE,4
Kentucky Warbler,Geothlypis,formosa,KEWA,1
King Eider,Somateria,spectabilis,KIEI,2
Killdeer,Charadrius,vociferus,KILL,1
Kittlitz's Murrelet,Brachyramphus,brevirostris,KIMU,2
Kioea,Chaetoptila,angustipluma,KIOE,6
King Rail,Rallus,elegans,KIRA,1
Kirtland's Warbler,Setophaga,kirtlandii,KIWA,2
Kamchatka Leaf Warbler,Phylloscopus,examinandus,KLWA,5
Kona Grosbeak,Chloridops,kona,KOGR,6
Key West Quail-Dove,Geotrygon,chrysia,KWQD,4
Laysan Albatross,Phoebastria,immutabilis,LAAL,2
Labrador Duck,Camptorhynchus,labradorius,LABD,6
Laysan Finch,Telespiza,cantans,LAFI,3
Lawrence's Goldfinch,Spinus,lawrencei,LAGO,2
Laughing Gull,Leucophaeus,atricilla,LAGU,1
Lapland Longspur,Calcarius,lapponicus,LALO,1
Lanai Hookbill,Dysmorodrepanis,munroi,LANH,6
Lanceolated Warbler,Locustella,lanceolata,LANW,5
Laysan Rail,Zapornia,palmeri,LARA,6
Lark Bunting,Calamospiza,melanocorys,LARB,1
Lark Sparrow,Chondestes,grammacus,LASP,1
Laysan Duck,Anas,laysanensis,LAYD,3
Laysan Honeycreeper,Himatione,fraithii,LAYH,6
Lazuli Bunting,Passerina,amoena,LAZB,1
Lesser Black-backed Gull,Larus,fuscus,LBBG,2
Long-billed Curlew,Numenius,americanus,LBCU,1
Long-billed Dowitcher,Limnodromus,scolopaceus,LBDO,1
Little Blue Heron,Egretta,caerulea,LBHE,1
Long-billed Murrelet,Brachyramphus,perdix,LBMU,3
Large-billed Tern,Phaetusa,simplex,LBTE,5
Long-billed Thrasher,Toxostoma,longirostre,LBTH,2
Ladder-backed Woodpecker,Picoides,scalaris,LBWO,1
LeConte's Sparrow,Ammodramus,leconteii,LCSP,1
LeConte's Thrasher,Toxostoma,lecontei,LCTH,2
Lesser Akialoa,Akialoa,obscura,LEAK,6
Least Auklet,Aethia,pusilla,LEAU,2
Least Bittern,Ixobrychus,exilis,LEBI,1
Least Flycatcher,Empidonax,minimus,LEFL,1
Lesser Frigatebird,Fregata,ariel,LEFR,4
Lesser Goldfinch,Spinus,psaltria,LEGO,1
Least Grebe,Tachybaptus,dominicus,LEGR,2
Lesser Koa-Finch,Rhodacanthis,flaviceps,LEKF,6
Lesser Nighthawk,Chordeiles,acutipennis,LENI,1
Long-eared Owl,Asio,otus,LEOW,2
Lesser Prairie-Chicken,Tympanuchus,pallidicinctus,LEPC,2
Least Sandpiper,Calidris,minutilla,LESA,1
Lesser Scaup,Aythya,affinis,LESC,1
Leach's Storm-Petrel,Oceanodroma,leucorhoa,LESP,1
Least Tern,Sternula,antillarum,LETE,1
Lesser Whitethroat,Sylvia,curruca,LEWH,5
Lewis's Woodpecker,Melanerpes,lewis,LEWO,1
Lesser Yellowlegs,Tringa,flavipes,LEYE,1
Little Bunting,Emberiza,pusilla,LIBU,4
Little Curlew,Numenius,minutus,LICU,5
Little Egret,Egretta,garzetta,LIEG,4
Little Gull,Hydrocoloeus,minutus,LIGU,3
Limpkin,Aramus,guarauna,LIMP,2
Lincoln's Sparrow,Melospiza,lincolnii,LISP,1
Little Stint,Calidris,minuta,LIST,4
Little Tern,Sternula,albifrons,LITE,4
Light-mantled Albatross,Phoebetria,palpebrata,LMAL,5
Loggerhead Kingbird,Tyrannus,caudifasciatus,LOKI,5
Loggerhead Shrike,Lanius,ludovicianus,LOSH,1
Louisiana Waterthrush,Parkesia,motacilla,LOWA,1
Little Ringed Plover,Charadrius,dubius,LRPL,5
Lesser Sand-Plover,Charadrius,mongolus,LSAP,3
La Sagra's Flycatcher,Myiarchus,sagrae,LSFL,3
Least Storm-Petrel,Oceanodroma,microsoma,LSTP,3
Long-tailed Duck,Clangula,hyemalis,LTDU,1
Long-tailed Jaeger,Stercorarius,longicaudus,LTJA,1
Long-toed Stint,Calidris,subminuta,LTST,3
Lucifer Hummingbird,Calothorax,lucifer,LUHU,2
Lucy's Warbler,Oreothlypis,luciae,LUWA,1
Lesser White-fronted Goose,Anser,erythropus,LWFG,5
Maui Akepa,Loxops,ochraceus,MAAK,6
Maui Alauahio,Paroreomyza,montana,MAAL,2
Masked Booby,Sula,dactylatra,MABO,3
Mangrove Cuckoo,Coccyzus,minor,MACU,2
Masked Duck,Nomonyx,dominicus,MADU,3
Magnificent Frigatebird,Fregata,magnificens,MAFR,1
Marbled Godwit,Limosa,fedoa,MAGO,1
Mallard,Anas,platyrhynchos,MALL,1
Marbled Murrelet,Brachyramphus,marmoratus,MAMU,1
Mangrove Swallow,Tachycineta,albilinea,MANS,5
Maui Nukupuu,Hemignathus,affinis,MANU,6
Maui Parrotbill,Pseudonestor,xanthophrys,MAPA,3
Marsh Sandpiper,Tringa,stagnatilis,MASA,5
Manx Shearwater,Puffinus,puffinus,MASH,2
Mariana Swiftlet,Aerodramus,bartschi,MASW,3
Masked Tityra,Tityra,semifasciata,MATI,5
Magnolia Warbler,Setophaga,magnolia,MAWA,1
Marsh Wren,Cistothorus,palustris,MAWR,1
McCown's Longspur,Rhynchophanes,mccownii,MCLO,2
Mexican Chickadee,Poecile,sclateri,MECH,2
Mew Gull,Larus,canus,MEGU,1
Mexican Jay,Aphelocoma,wollweberi,MEJA,2
Merlin,Falco,columbarius,MERL,1
Mexican Violetear,Colibri,thalassinus,MEVI,3
MacGillivray's Warbler,Geothlypis,tolmiei,MGWA,1
Middendorff's Grasshopper-Warbler,Locustella,ochotensis,MIGW,4
Mississippi Kite,Ictinia,mississippiensis,MIKI,1
Millerbird,Acrocephalus,familiaris,MILL,3
McKay's Bunting,Plectrophenax,hyperboreus,MKBU,3
Maui-nui Akialoa,Akialoa,lanaiensis,MNAK,6
Mountain Bluebird,Sialia,currucoides,MOBL,1
Mountain Chickadee,Poecile,gambeli,MOCH,1
Mourning Dove,Zenaida,macroura,MODO,1
Mottled Duck,Anas,fulvigula,MODU,1
Montezuma Quail,Cyrtonyx,montezumae,MONQ,2
Mottled Owl,Ciccaba,virgata,MOOW,5
Monk Parakeet,Myiopsitta,monachus,MOPA,2
Mottled Petrel,Pterodroma,inexpectata,MOPE,2
Mountain Plover,Charadrius,montanus,MOPL,2
Mountain Quail,Oreortyx,pictus,MOUQ,1
Mourning Warbler,Geothlypis,philadelphia,MOWA,1
Muscovy Duck,Cairina,moschata,MUDU,2
Mugimaki Flycatcher,Ficedula,mugimaki,MUFL,5
Murphy's Petrel,Pterodroma,ultima,MUPE,3
Mute Swan,Cygnus,olor,MUSW,1
Mexican Whip-poor-will,Antrostomus,arizonae,MWPW,2
Nazca Booby,Sula,granti,NABO,4
Narcissus Flycatcher,Ficedula,narcissina,NAFL,5
Nanday Parakeet,Aratinga,nenday,NAPA,2
Nashville Warbler,Oreothlypis,ruficapilla,NAWA,1
Neotropic Cormorant,Phalacrocorax,brasilianus,NECO,1
Newell's Shearwater,Puffinus,newelli,NESH,3
Nelson's Sparrow,Ammodramus,nelsoni,NESP,1
Northern Hawk Owl,Surnia,ulula,NHOW,2
Nihoa Finch,Telespiza,ultima,NIFI,3
Northern Boobook,Ninox,japonica,NOBB,5
Northern Bobwhite,Colinus,virginianus,NOBO,1
Northern Beardless-Tyrannulet,Camptostoma,imberbe,NOBT,2
Northern Cardinal,Cardinalis,cardinalis,NOCA,1
Northwestern Crow,Corvus,caurinus,NOCR,1
Northern Flicker,Colaptes,auratus,NOFL,1
Northern Fulmar,Fulmarus,glacialis,NOFU,1
Northern Gannet,Morus,bassanus,NOGA,1
Northern Goshawk,Accipiter,gentilis,NOGO,1
Northern Harrier,Circus,hudsonius,NOHA,1
Northern Jacana,Jacana,spinosa,NOJA,4
Northern Lapwing,Vanellus,vanellus,NOLA,4
Northern Mockingbird,Mimus,polyglottos,NOMO,1
Northern Parula,Setophaga,americana,NOPA,1
Northern Pintail,Anas,acuta,NOPI,1
Northern Pygmy-Owl,Glaucidium,gnoma,NOPO,2
Northern Waterthrush,Parkesia,noveboracensis,NOWA,1
Northern Wheatear,Oenanthe,oenanthe,NOWH,2
Northern Rough-winged Swallow,Stelgidopteryx,serripennis,NRWS,1
Northern Shoveler,Spatula,clypeata,NSHO,1
Northern Shrike,Lanius,borealis,NSHR,1
Northern Saw-whet Owl,Aegolius,acadicus,NSWO,2
Nutting's Flycatcher,Myiarchus,nuttingi,NUFL,5
Nuttall's Woodpecker,Picoides,nuttallii,NUWO,1
Oahu Alauahio,Paroreomyza,maculata,OAAL,6
Oahu Amakihi,Chlorodrepanis,flava,OAAM,2
Oahu Elepaio,Chasiempis,ibidis,OAEL,3
Oahu Akepa,Loxops,wolstenholmei,OAKE,6
Oahu Akialoa,Akialoa,ellisiana,OAKI,6
Oahu Nukupuu,Hemignathus,lucidus,OANU,6
Oahu Oo,Moho,apicalis,OAOO,6
Oak Titmouse,Baeolophus,inornatus,OATI,1
Orange-billed Nightingale-Thrush,Catharus,aurantiirostris,OBNT,5
Olive-backed Pipit,Anthus,hodgsoni,OBPI,3
Orange-crowned Warbler,Oreothlypis,celata,OCWA,1
Olomao,Myadestes,lanaiensis,OLOM,6
Olive Sparrow,Arremonops,rufivirgatus,OLSP,2
Olive Warbler,Peucedramus,taeniatus,OLWA,2
Omao,Myadestes,obscurus,OMAO,2
Oriental Cuckoo,Cuculus,optatus,ORCU,4
Oriental Greenfinch,Chloris,sinica,ORGR,4
Orchard Oriole,Icterus,spurius,OROR,1
Oriental Pratincole,Glareola,maldivarum,ORPR,5
Oriental Scops-Owl,Otus,sunia,ORSO,5
Oriental Turtle-Dove,Streptopelia,orientalis,ORTD,4
Olive-sided Flycatcher,Contopus,cooperi,OSFL,1
Osprey,Pandion,haliaetus,OSPR,1
Ou,Psittirostra,psittacea,OU,6
Ovenbird,Seiurus,aurocapilla,OVEN,1
Parakeet Auklet,Aethia,psittacula,PAAU,2
Painted Bunting,Passerina,ciris,PABU,1
Pacific Golden-Plover,Pluvialis,fulva,PAGP,2
Parasitic Jaeger,Stercorarius,parasiticus,PAJA,1
Pallas's Bunting,Emberiza,pallasi,PALB,5
Palila,Loxioides,bailleui,PALI,3
Pacific Loon,Gavia,pacifica,PALO,1
Parkinson's Petrel,Procellaria,parkinsoni,PAPE,5
Passenger Pigeon,Ectopistes,migratorius,PAPI,6
Painted Redstart,Myioborus,pictus,PARE,2
Pallas's Rosefinch,Carpodacus,roseus,PARO,5
Palm Warbler,Setophaga,palmarum,PAWA,1
Pacific Wren,Troglodytes,pacificus,PAWR,1
Paint-billed Crake,Neocrex,erythrops,PBCR,5
Pied-billed Grebe,Podilymbus,podiceps,PBGR,1
Plain-capped Starthroat,Heliomaster,constantii,PCST,4
Pelagic Cormorant,Phalacrocorax,pelagicus,PECO,1
Peregrine Falcon,Falco,peregrinus,PEFA,1
Pechora Pipit,Anthus,gustavi,PEPI,4
Pectoral Sandpiper,Calidris,melanotos,PESA,1
Pink-footed Goose,Anser,brachyrhynchus,PFGO,4
Pink-footed Shearwater,Ardenna,creatopus,PFSH,1
Phainopepla,Phainopepla,nitens,PHAI,1
Philadelphia Vireo,Vireo,philadelphicus,PHVI,1
Pine Bunting,Emberiza,leucocephalos,PIBU,5
Pine Grosbeak,Pinicola,enucleator,PIGR,1
Pigeon Guillemot,Cepphus,columba,PIGU,1
Pinyon Jay,Gymnorhinus,cyanocephalus,PIJA,1
Pine Flycatcher,Empidonax,affinis,PINF,5
Piping Plover,Charadrius,melodus,PIPL,2
Piratic Flycatcher,Legatus,leucophaius,PIRF,4
Pine Siskin,Spinus,pinus,PISI,1
Pine Warbler,Setophaga,pinus,PIWA,1
Pileated Woodpecker,Dryocopus,pileatus,PIWO,1
Plain Chachalaca,Ortalis,vetula,PLCH,2
Pallas's Leaf Warbler,Phylloscopus,proregulus,PLEW,5
Plumbeous Vireo,Vireo,plumbeus,PLVI,1
Pomarine Jaeger,Stercorarius,pomarinus,POJA,1
Poo-uli,Melamprosops,phaeosoma,POUL,6
Prairie Warbler,Setophaga,discolor,PRAW,1
Prairie Falcon,Falco,mexicanus,PRFA,1
Prothonotary Warbler,Protonotaria,citrea,PROW,1
Providence Petrel,Pterodroma,solandri,PRPE,4
Pacific-slope Flycatcher,Empidonax,difficilis,PSFL,1
Pin-tailed Snipe,Gallinago,stenura,PTSN,5
Puaiohi,Myadestes,palmeri,PUAI,3
Purple Finch,Haemorhous,purpureus,PUFI,1
Purple Gallinule,Porphyrio,martinicus,PUGA,1
Purple Martin,Progne,subis,PUMA,1
Purple Sandpiper,Calidris,maritima,PUSA,1
Purple Swamphen,Porphyrio,porphyrio,PUSW,2
Pygmy Nuthatch,Sitta,pygmaea,PYNU,1
Pyrrhuloxia,Cardinalis,sinuatus,PYRR,1
Razorbill,Alca,torda,RAZO,1
Rose-breasted Grosbeak,Pheucticus,ludovicianus,RBGR,1
Ring-billed Gull,Larus,delawarensis,RBGU,1
Red-billed Leiothrix,Leiothrix,lutea,RBLE,2
Red-breasted Merganser,Mergus,serrator,RBME,1
Red-breasted Nuthatch,Sitta,canadensis,RBNU,1
Red-billed Pigeon,Patagioenas,flavirostris,RBPI,2
Rufous-backed Robin,Turdus,rufopalliatus,RBRO,3
Red-breasted Sapsucker,Sphyrapicus,ruber,RBSA,1
Red-billed Tropicbird,Phaethon,aethereus,RBTR,3
Red-bellied Woodpecker,Melanerpes,carolinus,RBWO,1
Red-crested Cardinal,Paroaria,coronata,RCCA,2
Ruby-crowned Kinglet,Regulus,calendula,RCKI,1
Red-crowned Parrot,Amazona,viridigenalis,RCPA,2
Rufous-crowned Sparrow,Aimophila,ruficeps,RCSP,1
Rufous-capped Warbler,Basileuterus,rufifrons,RCWA,3
Red-cockaded Woodpecker,Picoides,borealis,RCWO,2
Red Avadavat,Amandava,amandava,REAV,2
Reed Bunting,Emberiza,schoeniclus,REBU,4
Red Crossbill,Loxia,curvirostra,RECR,1
Redhead,Aythya,americana,REDH,1
Redwing,Turdus,iliacus,REDW,4
Reddish Egret,Egretta,rufescens,REEG,1
Red Junglefowl,Gallus,gallus,REJU,2
Red Knot,Calidris,canutus,REKN,1
Red Phalarope,Phalaropus,fulicarius,REPH,1
Red-eyed Vireo,Vireo,olivaceus,REVI,1
Red-flanked Bluetail,Tarsiger,cyanurus,RFBL,4
Red-footed Booby,Sula,sula,RFBO,2
Red-faced Cormorant,Phalacrocorax,urile,RFCO,2
Red-footed Falcon,Falco,vespertinus,RFFA,5
Rosy-faced Lovebird,Agapornis,roseicollis,RFLO,2
Red-faced Warbler,Cardellina,rubrifrons,RFWA,2
Rhinoceros Auklet,Cerorhinca,monocerata,RHAU,1
Red-headed Woodpecker,Melanerpes,erythrocephalus,RHWO,1
Rivoli's Hummingbird,Eugenes,fulgens,RIHU,2
Ringed Kingfisher,Megaceryle,torquata,RIKI,2
Ridgway's Rail,Rallus,obsoletus,RIRA,2
Ringed Storm-Petrel,Oceanodroma,hornbyi,RISP,5
Rough-legged Hawk,Buteo,lagopus,RLHA,1
Red-legged Honeycreeper,Cyanerpes,cyaneus,RLHO,5
Red-legged Kittiwake,Rissa,brevirostris,RLKI,2
Red-legged Thrush,Turdus,plumbeus,RLTH,5
Ring-necked Duck,Aythya,collaris,RNDU,1
Ring-necked Pheasant,Phasianus,colchicus,RNEP,1
Red-necked Grebe,Podiceps,grisegena,RNGR,1
Red-necked Phalarope,Phalaropus,lobatus,RNPH,1
Red-naped Sapsucker,Sphyrapicus,nuchalis,RNSA,1
Red-necked Stint,Calidris,ruficollis,RNST,3
Rufous-necked Wood-Rail,Aramides,axillaris,RNWR,5
Ross's Goose,Anser,rossii,ROGO,1
Ross's Gull,Rhodostethia,rosea,ROGU,3
Roadside Hawk,Rupornis,magnirostris,ROHA,4
Rock Pigeon,Columba,livia,ROPI,1
Rock Ptarmigan,Lagopus,muta,ROPT,2
Rock Sandpiper,Calidris,ptilocnemis,ROSA,2
Roseate Spoonbill,Platalea,ajaja,ROSP,1
Roseate Tern,Sterna,dougallii,ROST,2
Rock Wren,Salpinctes,obsoletus,ROWR,1
Royal Tern,Thalasseus,maximus,ROYT,1
Rose-ringed Parakeet,Psittacula,krameri,RRPA,2
Red-shouldered Hawk,Buteo,lineatus,RSHA,1
Rose-throated Becard,Pachyramphus,aglaiae,RTBE,3
Red-tailed Hawk,Buteo,jamaicensis,RTHA,1
Ruby-throated Hummingbird,Archilochus,colubris,RTHU,1
Red-throated Loon,Gavia,stellata,RTLO,1
Red-throated Pipit,Anthus,cervinus,RTPI,3
Rufous-tailed Robin,Luscinia,sibilans,RTRO,5
Red-tailed Tropicbird,Phaethon,rubricauda,RTTR,3
Rusty Blackbird,Euphagus,carolinus,RUBL,1
Rustic Bunting,Emberiza,rustica,RUBU,3
Ruddy Duck,Oxyura,jamaicensis,RUDU,1
Ruff,Calidris,pugnax,RUFF,3
Ruddy Ground-Dove,Columbina,talpacoti,RUGD,3
Ruffed Grouse,Bonasa,umbellus,RUGR,1
Rufous Hummingbird,Selasphorus,rufus,RUHU,1
Ruddy Quail-Dove,Geotrygon,montana,RUQD,5
Ruddy Turnstone,Arenaria,interpres,RUTU,1
Red-vented Bulbul,Pycnonotus,cafer,RVBU,2
Red-winged Blackbird,Agelaius,phoeniceus,RWBL,1
Red-whiskered Bulbul,Pycnonotus,jocosus,RWBU,2
Rufous-winged Sparrow,Peucaea,carpalis,RWSP,2
Salvin's Albatross,Thalassarche,salvini,SAAL,5
Sagebrush Sparrow,Artemisiospiza,nevadensis,SABS,1
Sandhill Crane,Antigone,canadensis,SACR,1
Saffron Finch,Sicalis,flaveola,SAFI,2
Sabine's Gull,Xema,sabini,SAGU,1
Saltmarsh Sparrow,Ammodramus,caudacutus,SALS,1
Sanderling,Calidris,alba,SAND,1
Say's Phoebe,Sayornis,saya,SAPH,1
Sandwich Tern,Thalasseus,sandvicensis,SATE,1
Sage Thrasher,Oreoscoptes,montanus,SATH,1
Savannah Sparrow,Passerculus,sandwichensis,SAVS,1
Smooth-billed Ani,Crotophaga,ani,SBAN,3
Streak-backed Oriole,Icterus,pustulatus,SBAO,4
Slender-billed Curlew,Numenius,tenuirostris,SBCU,6
Short-billed Dowitcher,Limnodromus,griseus,SBDO,1
Sulphur-bellied Flycatcher,Myiodynastes,luteiventris,SBFL,2
Slaty-backed Gull,Larus,schistisagus,SBGU,3
Scaly-breasted Munia,Lonchura,punctulata,SBMU,2
Spot-breasted Oriole,Icterus,pectoralis,SBOR,2
Siberian Blue Robin,Luscinia,cyane,SBRO,5
Spoon-billed Sandpiper,Calidris,pygmea,SBSA,4
Scarlet Ibis,Eudocimus,ruber,SCIB,5
Scripps's Murrelet,Synthliboramphus,scrippsi,SCMU,2
Scott's Oriole,Icterus,parisorum,SCOR,1
Scaled Quail,Callipepla,squamata,SCQU,1
Scarlet Tanager,Piranga,olivacea,SCTA,1
Short-eared Owl,Asio,flammeus,SEOW,1
Semipalmated Plover,Charadrius,semipalmatus,SEPL,1
Semipalmated Sandpiper,Calidris,pusilla,SESA,1
Seaside Sparrow,Ammodramus,maritimus,SESP,1
Sedge Warbler,Acrocephalus,schoenobaenus,SEWA,5
Sedge Wren,Cistothorus,platensis,SEWR,1
Shiny Cowbird,Molothrus,bonariensis,SHCO,3
Siberian Accentor,Prunella,montanella,SIAC,4
Siberian Rubythroat,Luscinia,calliope,SIRU,3
Sinaloa Wren,Thryophilus,sinaloa,SIWR,5
Smew,Mergellus,albellus,SMEW,3
Smith's Longspur,Calcarius,pictus,SMLO,2
Snow Bunting,Plectrophenax,nivalis,SNBU,1
Snowy Egret,Egretta,thula,SNEG,1
Snow Goose,Anser,caerulescens,SNGO,1
Snail Kite,Rostrhamus,sociabilis,SNKI,2
Snowy Owl,Bubo,scandiacus,SNOW,2
Scaly-naped Pigeon,Patagioenas,squamosa,SNPI,5
Snowy Plover,Charadrius,nivosus,SNPL,1
Social Flycatcher,Myiozetetes,similis,SOFL,5
Sooty Grouse,Dendragapus,fuliginosus,SOGR,2
Southern Martin,Progne,elegans,SOMA,5
Sora,Porzana,carolina,SORA,1
Solitary Sandpiper,Tringa,solitaria,SOSA,1
Sooty Shearwater,Ardenna,grisea,SOSH,1
Solitary Snipe,Gallinago,solitaria,SOSN,5
Song Sparrow,Melospiza,melodia,SOSP,1
Sooty Tern,Onychoprion,fuscatus,SOTE,2
Song Thrush,Turdus,philomelos,SOTH,5
Spotted Dove,Streptopelia,chinensis,SPDO,2
Spectacled Eider,Somateria,fischeri,SPEI,3
Spotted Flycatcher,Muscicapa,striata,SPFL,5
Spruce Grouse,Falcipennis,canadensis,SPGR,2
Spotted Owl,Strix,occidentalis,SPOW,2
Sprague's Pipit,Anthus,spragueii,SPPI,2
Spotted Rail,Pardirallus,maculatus,SPRA,5
Spotted Redshank,Tringa,erythropus,SPRE,4
Spotted Sandpiper,Actitis,macularius,SPSA,1
South Polar Skua,Stercorarius,maccormicki,SPSK,2
Spotted Towhee,Pipilo,maculatus,SPTO,1
Sharp-tailed Sandpiper,Calidris,acuminata,SPTS,3
Short-tailed Shearwater,Ardenna,tenuirostris,SRTS,2
Sharp-shinned Hawk,Accipiter,striatus,SSHA,1
Swinhoe's Storm-Petrel,Oceanodroma,monorhis,SSTP,5
Short-tailed Albatross,Phoebastria,albatrus,STAL,3
Steller's Eider,Polysticta,stelleri,STEI,3
Scissor-tailed Flycatcher,Tyrannus,forficatus,STFL,1
Sharp-tailed Grouse,Tympanuchus,phasianellus,STGR,2
Swallow-tailed Gull,Creagrus,furcatus,STGU,5
Short-tailed Hawk,Buteo,brachyurus,STHA,2
Steller's Jay,Cyanocitta,stelleri,STJA,1
Swallow-tailed Kite,Elanoides,forficatus,STKI,1
Stonechat,Saxicola,torquatus,STON,4
Stygian Owl,Asio,stygius,STOW,5
Stejneger's Petrel,Pterodroma,longirostris,STPE,4
Slate-throated Redstart,Myioborus,miniatus,STRE,4
Streaked Shearwater,Calonectris,leucomelas,STRS,4
Stilt Sandpiper,Calidris,himantopus,STSA,1
Steller's Sea-Eagle,Haliaeetus,pelagicus,STSE,4
Sungrebe,Heliornis,fulica,SUNG,5
Surfbird,Calidris,virgata,SURF,1
Surf Scoter,Melanitta,perspicillata,SUSC,1
Summer Tanager,Piranga,rubra,SUTA,1
Swainson's Hawk,Buteo,swainsoni,SWHA,1
Swamp Sparrow,Melospiza,georgiana,SWSP,1
Swainson's Thrush,Catharus,ustulatus,SWTH,1
Swainson's Warbler,Limnothlypis,swainsonii,SWWA,2
Taiga Bean-Goose,Anser,fabalis,TABG,3
Tamaulipas Crow,Corvus,imparatus,TACR,4
Taiga Flycatcher,Ficedula,albicilla,TAFL,4
Tahiti Petrel,Pterodroma,rostrata,TAPE,5
Thick-billed Kingbird,Tyrannus,crassirostris,TBKI,2
Thick-billed Murre,Uria,lomvia,TBMU,1
Thick-billed Parrot,Rhynchopsitta,pachyrhyncha,TBPA,6
Thick-billed Vireo,Vireo,crassirostris,TBVI,4
Terek Sandpiper,Xenus,cinereus,TESA,3
Temminck's Stint,Calidris,temminckii,TEST,3
Tennessee Warbler,Oreothlypis,peregrina,TEWA,1
Townsend's Solitaire,Myadestes,townsendi,TOSO,1
Townsend's Storm-Petrel,Oceanodroma,socorroensis,TOSP,3
Townsend's Warbler,Setophaga,townsendi,TOWA,1
Tricolored Blackbird,Agelaius,tricolor,TRBL,2
Tree Swallow,Tachycineta,bicolor,TRES,1
Tricolored Heron,Egretta,tricolor,TRHE,1
Tropical Kingbird,Tyrannus,melancholicus,TRKI,2
Tropical Parula,Setophaga,pitiayumi,TRPA,3
Trindade Petrel,Pterodroma,arminjoniana,TRPE,3
Tree Pipit,Anthus,trivialis,TRPI,5
Tristram's Storm-Petrel,Oceanodroma,tristrami,TRSP,3
Trumpeter Swan,Cygnus,buccinator,TRUS,1
Tawny-shouldered Blackbird,Agelaius,humeralis,TSBL,5
Tundra Bean-Goose,Anser,serrirostris,TUBG,3
Tufted Duck,Aythya,fuligula,TUDU,3
Tufted Flycatcher,Mitrephanes,phaeocercus,TUFL,4
Tufted Puffin,Fratercula,cirrhata,TUPU,1
Tundra Swan,Cygnus,columbianus,TUSW,1
Tufted Titmouse,Baeolophus,bicolor,TUTI,1
Turkey Vulture,Cathartes,aura,TUVU,1
Ula-ai-hawane,Ciridops,anna,UAIH,6
Upland Sandpiper,Bartramia,longicauda,UPSA,1
Varied Bunting,Passerina,versicolor,VABU,2
Variegated Flycatcher,Empidonomus,varius,VAFL,5
Vaux's Swift,Chaetura,vauxi,VASW,1
Varied Thrush,Ixoreus,naevius,VATH,1
Violet-crowned Hummingbird,Amazilia,violiceps,VCHU,2
Veery,Catharus,fuscescens,VEER,1
Vermilion Flycatcher,Pyrocephalus,rubinus,VEFL,1
Verdin,Auriparus,flaviceps,VERD,1
Vesper Sparrow,Pooecetes,gramineus,VESP,1
Violet-green Swallow,Tachycineta,thalassina,VGSW,1
Virginia Rail,Rallus,limicola,VIRA,1
Virginia's Warbler,Oreothlypis,virginiae,VIWA,1
Wandering Albatross,Diomedea,exulans,WAAL,5
Wandering Tattler,Tringa,incana,WATA,1
Warbling Vireo,Vireo,gilvus,WAVI,1
White-breasted Nuthatch,Sitta,carolinensis,WBNU,1
White-capped Albatross,Thalassarche,cauta,WCAL,4
White-crested Elaenia,Elaenia,albiceps,WCEL,5
White-cheeked Pintail,Anas,bahamensis,WCHP,4
White-chinned Petrel,Procellaria,aequinoctialis,WCPE,5
White-crowned Pigeon,Patagioenas,leucocephala,WCPI,2
White-collared Seedeater,Sporophila,torqueola,WCSE,3
White-crowned Sparrow,Zonotrichia,leucophrys,WCSP,1
White-collared Swift,Streptoprocne,zonaris,WCSW,4
Western Bluebird,Sialia,mexicana,WEBL,1
Western Grebe,Aechmophorus,occidentalis,WEGR,1
Western Gull,Larus,occidentalis,WEGU,1
White-eared Hummingbird,Hylocharis,leucotis,WEHU,3
Western Kingbird,Tyrannus,verticalis,WEKI,1
Western Meadowlark,Sturnella,neglecta,WEME,1
Western Reef-Heron,Egretta,gularis,WERH,5
Western Sandpiper,Calidris,mauri,WESA,1
Western Screech-Owl,Megascops,kennicottii,WESO,1
Western Spindalis,Spindalis,zena,WESP,3
Western Tanager,Piranga,ludoviciana,WETA,1
White-eyed Vireo,Vireo,griseus,WEVI,1
Worm-eating Warbler,Helmitheros,vermivorum,WEWA,1
Western Wood-Pewee,Contopus,sordidulus,WEWP,1
White-faced Ibis,Plegadis,chihi,WFIB,1
White-faced Storm-Petrel,Pelagodroma,marina,WFSP,3
Whiskered Auklet,Aethia,pygmaea,WHAU,2
Whooping Crane,Grus,americana,WHCR,2
White Ibis,Eudocimus,albus,WHIB,1
Whimbrel,Numenius,phaeopus,WHIM,1
Whooper Swan,Cygnus,cygnus,WHOS,3
Whiskered Screech-Owl,Megascops,trichopsis,WHSO,2
Whiskered Tern,Chlidonias,hybrida,WHST,5
White Tern,Gygis,alba,WHTT,2
White Wagtail,Motacilla,alba,WHWA,3
White-headed Woodpecker,Picoides,albolarvatus,WHWO,1
Willow Flycatcher,Empidonax,traillii,WIFL,1
Willet,Tringa,semipalmata,WILL,1
Willow Warbler,Phylloscopus,trochilus,WILW,5
Wilson's Phalarope,Phalaropus,tricolor,WIPH,1
Wilson's Plover,Charadrius,wilsonia,WIPL,1
Willow Ptarmigan,Lagopus,lagopus,WIPT,2
Williamson's Sapsucker,Sphyrapicus,thyroideus,WISA,1
Wilson's Snipe,Gallinago,delicata,WISN,1
Wilson's Storm-Petrel,Oceanites,oceanicus,WISP,1
Wild Turkey,Meleagris,gallopavo,WITU,1
Wilson's Warbler,Cardellina,pusilla,WIWA,1
Winter Wren,Troglodytes,hiemalis,WIWR,1
White-necked Petrel,Pterodroma,cervicalis,WNPE,3
Wood Duck,Aix,sponsa,WODU,1
Wood Sandpiper,Tringa,glareola,WOSA,2
Woodhouse's Scrub-Jay,Aphelocoma,woodhouseii,WOSJ,1
Worthen's Sparrow,Spizella,wortheni,WOSP,5
Wood Stork,Mycteria,americana,WOST,1
Wood Thrush,Hylocichla,mustelina,WOTH,1
Wood Warbler,Phylloscopus,sibilatrix,WOWA,5
Wrentit,Chamaea,fasciata,WREN,1
White-rumped Sandpiper,Calidris,fuscicollis,WRSA,1
White-rumped Shama,Copsychus,malabaricus,WRSH,2
Wedge-rumped Storm-Petrel,Oceanodroma,tethys,WRSP,4
White-tipped Dove,Leptotila,verreauxi,WTDO,2
White-tailed Eagle,Haliaeetus,albicilla,WTEA,4
White-tailed Hawk,Geranoaetus,albicaudatus,WTHA,2
White-tailed Kite,Elanus,leucurus,WTKI,1
White-throated Needletail,Hirundapus,caudacutus,WTNE,5
White-tailed Ptarmigan,Lagopus,leucura,WTPT,2
Wedge-tailed Shearwater,Ardenna,pacifica,WTSH,2
White-throated Sparrow,Zonotrichia,albicollis,WTSP,1
White-throated Swift,Aeronautes,saxatalis,WTSW,1
White-throated Thrush,Turdus,assimilis,WTTH,4
White-tailed Tropicbird,Phaethon,lepturus,WTTR,2
White-winged Crossbill,Loxia,leucoptera,WWCR,2
White-winged Dove,Zenaida,asiatica,WWDO,1
White-winged Parakeet,Brotogeris,versicolurus,WWPA,2
White-winged Scoter,Melanitta,fusca,WWSC,1
White-winged Tern,Chlidonias,leucopterus,WWTE,4
Xantus's Hummingbird,Hylocharis,xantusii,XAHU,5
Yellow-billed Cardinal,Paroaria,capitata,YBCA,2
Yellow-breasted Chat,Icteria,virens,YBCH,1
Yellow-billed Cuckoo,Coccyzus,americanus,YBCU,1
Yellow-bellied Flycatcher,Empidonax,flaviventris,YBFL,1
Yellow-billed Loon,Gavia,adamsii,YBLO,2
Yellow-billed Magpie,Pica,nuttalli,YBMA,2
Yellow-bellied Sapsucker,Sphyrapicus,varius,YBSA,1
Yellow-breasted Bunting,Emberiza,aureola,YBSB,5
Yellow-browed Warbler,Phylloscopus,inornatus,YBWA,4
Yellow-browed Bunting,Emberiza,chrysophrys,YBWB,5
Yellow-crowned Night-Heron,Nyctanassa,violacea,YCNH,1
Yellow Bittern,Ixobrychus,sinensis,YEBI,5
Yellow Grosbeak,Pheucticus,chrysopeplus,YEGR,4
Yellow-eyed Junco,Junco,phaeonotus,YEJU,2
Yellow Rail,Coturnicops,noveboracensis,YERA,2
Yellow Warbler,Setophaga,petechia,YEWA,1
Yellow-fronted Canary,Crithagra,mozambica,YFCA,2
Yellow-faced Grassquit,Tiaris,olivaceus,YFGR,3
Yellow-footed Gull,Larus,livens,YFGU,3
Yellow-green Vireo,Vireo,flavoviridis,YGVI,3
Yellow-headed Blackbird,Xanthocephalus,xanthocephalus,YHBL,1
Yellow-legged Gull,Larus,michahellis,YLGU,4
Yellow-nosed Albatross,Thalassarche,chlororhynchos,YNAL,4
Yellow-rumped Warbler,Setophaga,coronata,YRWA,1
Yellow-throated Bunting,Emberiza,elegans,YTBU,5
Yellow-throated Vireo,Vireo,flavifrons,YTVI,1
Yellow-throated Warbler,Setophaga,dominica,YTWA,1
Yucatan Vireo,Vireo,magister,YUVI,5
Zebra Dove,Geopelia,striata,ZEBD,2
Zenaida Dove,Zenaida,aurita,ZEND,5
Zino's Petrel,Pterodroma,madeira,ZIPE,5
Zone-tailed Hawk,Buteo,albonotatus,ZTHA,2